{
  "complete.py": 1775998364.7316508,
  "electron.vite.config.ts": 1775065592.7392416,
  "eslint.config.js": 1775034391.2093718,
  "vite.config.ts": 1776535594.531164,
  "agent\\docs\\graphify\\graphify-pipeline.py": 1776408537.6155658,
  "agent\\skills\\maintain-context\\graphify_maintain.py": 1776523320.9388125,
  "browser-extension\\background.js": 1776768862.7599177,
  "src\\App.tsx": 1776782033.3961823,
  "src\\main.ts": 1776781851.292986,
  "src\\main.tsx": 1776533815.3283174,
  "src\\node-pty.d.ts": 1776583361.1591792,
  "src\\preload.ts": 1776788694.9160397,
  "src\\components\\OrbitSystem.tsx": 1776703782.0166144,
  "src\\components\\TerminalWindow.tsx": 1776767484.6086674,
  "src\\hooks\\useTerminalLayout.ts": 1776746429.6041973,
  "src\\pages\\BrowserActivityPage.tsx": 1776788731.1835048,
  "src\\pages\\DatabasePage.tsx": 1776698571.000215,
  "src\\pages\\ExternalPage.tsx": 1776783196.8290098,
  "src\\pages\\IDEHelpPage.tsx": 1776583837.980075,
  "src\\pages\\IDEProjectsPage.tsx": 1776746057.627515,
  "src\\pages\\ProductivityPage.tsx": 1776773598.7555583,
  "src\\pages\\SettingsPage.tsx": 1776744953.209831,
  "src\\pages\\StatsPage.tsx": 1776772530.1694553,
  "src\\pages\\TerminalPage.tsx": 1776767431.6179333
}