{
  "complete.py": 1775998364.7316508,
  "electron.vite.config.ts": 1775065592.7392416,
  "eslint.config.js": 1775034391.2093718,
  "vite.config.ts": 1776535594.531164,
  "agent\\docs\\graphify\\graphify-pipeline.py": 1776408537.6155658,
  "agent\\skills\\maintain-context\\graphify_maintain.py": 1776523320.9388125,
  "browser-extension\\background.js": 1776691737.119594,
  "src\\App.tsx": 1776707242.7244492,
  "src\\main.ts": 1776737166.0796237,
  "src\\main.tsx": 1776533815.3283174,
  "src\\node-pty.d.ts": 1776583361.1591792,
  "src\\preload.ts": 1776731587.534432,
  "src\\components\\OrbitSystem.tsx": 1776703782.0166144,
  "src\\components\\TerminalWindow.tsx": 1776647035.3938556,
  "src\\hooks\\useTerminalLayout.ts": 1776702431.2235696,
  "src\\pages\\BrowserActivityPage.tsx": 1776710786.543061,
  "src\\pages\\DatabasePage.tsx": 1776698571.000215,
  "src\\pages\\IDEHelpPage.tsx": 1776583837.980075,
  "src\\pages\\IDEProjectsPage.tsx": 1776735645.516641,
  "src\\pages\\ProductivityPage.tsx": 1776702452.212963,
  "src\\pages\\SettingsPage.tsx": 1776735265.4087336,
  "src\\pages\\StatsPage.tsx": 1776538927.9636412,
  "src\\pages\\TerminalPage.tsx": 1776704699.2119749
}