{
  "complete.py": 1776841476.7285433,
  "electron.vite.config.ts": 1776841476.73427,
  "eslint.config.js": 1776841476.7364583,
  "vite.config.ts": 1776841476.7827413,
  "agent\\docs\\graphify\\graphify-pipeline.py": 1776841476.6877291,
  "agent\\skills\\maintain-context\\graphify_maintain.py": 1776841476.7238736,
  "browser-extension\\background.js": 1776841476.7285433,
  "src\\App.tsx": 1776959169.0063102,
  "src\\main.ts": 1776841728.8223858,
  "src\\main.tsx": 1776841476.764396,
  "src\\node-pty.d.ts": 1776841476.764396,
  "src\\preload.ts": 1776841476.777045,
  "src\\components\\OrbitSystem.tsx": 1776841476.7586164,
  "src\\components\\TerminalWindow.tsx": 1776841476.760231,
  "src\\hooks\\useTerminalLayout.ts": 1776841476.760231,
  "src\\pages\\BrowserActivityPage.tsx": 1776841476.766906,
  "src\\pages\\DashboardPage.tsx": 1776960685.530957,
  "src\\pages\\DatabasePage.tsx": 1776841476.7687576,
  "src\\pages\\ExternalPage.tsx": 1776860501.466002,
  "src\\pages\\IDEHelpPage.tsx": 1776841476.770939,
  "src\\pages\\IDEProjectsPage.tsx": 1776841476.7724798,
  "src\\pages\\InsightsPage.tsx": 1776841476.7724798,
  "src\\pages\\ProductivityPage.tsx": 1776960579.3448339,
  "src\\pages\\SettingsPage.tsx": 1776958747.5021548,
  "src\\pages\\StatsPage.tsx": 1776841476.775211,
  "src\\pages\\TerminalPage.tsx": 1776841476.777045
}