{
  "complete.py": 1775998364.7316508,
  "electron.vite.config.ts": 1775065592.7392416,
  "eslint.config.js": 1775034391.2093718,
  "vite.config.ts": 1776535594.531164,
  "agent\\docs\\graphify\\graphify-pipeline.py": 1776408537.6155658,
  "agent\\skills\\maintain-context\\graphify_maintain.py": 1776523320.9388125,
  "browser-extension\\background.js": 1776768862.7599177,
  "src\\App.tsx": 1776826318.4638698,
  "src\\main.ts": 1776828250.2377846,
  "src\\main.tsx": 1776533815.3283174,
  "src\\node-pty.d.ts": 1776583361.1591792,
  "src\\preload.ts": 1776825995.4223375,
  "src\\components\\OrbitSystem.tsx": 1776703782.0166144,
  "src\\components\\TerminalWindow.tsx": 1776826324.8721504,
  "src\\hooks\\useTerminalLayout.ts": 1776746429.6041973,
  "src\\pages\\BrowserActivityPage.tsx": 1776822708.5133216,
  "src\\pages\\DatabasePage.tsx": 1776698571.000215,
  "src\\pages\\ExternalPage.tsx": 1776827887.8099358,
  "src\\pages\\IDEHelpPage.tsx": 1776583837.980075,
  "src\\pages\\IDEProjectsPage.tsx": 1776828369.9044728,
  "src\\pages\\InsightsPage.tsx": 1776821873.7054224,
  "src\\pages\\ProductivityPage.tsx": 1776789824.7533774,
  "src\\pages\\SettingsPage.tsx": 1776828332.4619582,
  "src\\pages\\StatsPage.tsx": 1776772530.1694553,
  "src\\pages\\TerminalPage.tsx": 1776828289.5901866
}